Year,RBI_Average
1903,30.45
1912,24.222222
1915,19.166667
1916,15.655172
1918,12.1875
2004,18.24
2007,20.725
2013,17.0625
2018,18.840909
